Kommunkod,M proc,C proc,FP proc,KD proc,S proc,V proc,MP proc,SD proc,FI proc,Rostande,Valdelt,Max proc
0114,0.279166666667,0.0375,0.0608333333333,0.04375,0.305833333333,0.05875,0.0716666666667,0.107916666667,0.0225,1031.79166667,0.7469,0.364583333333
0115,0.357777777778,0.0644444444444,0.0666666666667,0.0477777777778,0.200555555556,0.035,0.0822222222222,0.106666666667,0.0227777777778,1123.66666667,0.804388888889,0.372222222222
0117,0.368260869565,0.0591304347826,0.0752173913043,0.0486956521739,0.20652173913,0.0373913043478,0.0795652173913,0.0982608695652,0.0221739130435,1131.7826087,0.765369565217,0.379130434783
0120,0.374583333333,0.0541666666667,0.0629166666667,0.0408333333333,0.2025,0.0375,0.0833333333333,0.106666666667,0.0316666666667,1061.125,0.787441666667,0.395833333333
0123,0.28,0.0397435897436,0.0589743589744,0.0484615384615,0.294871794872,0.0628205128205,0.0784615384615,0.101794871795,0.024358974359,1089.15384615,0.778864102564,0.368205128205
0125,0.37875,0.0725,0.071875,0.06125,0.16,0.03375,0.085,0.1,0.03,1072.375,0.8190125,0.37875
0126,0.291034482759,0.0401724137931,0.0575862068966,0.0401724137931,0.286724137931,0.0572413793103,0.0836206896552,0.105,0.0294827586207,994.862068966,0.77725,0.392586206897
0127,0.2092,0.0252,0.0448,0.057,0.378,0.0718,0.0814,0.1004,0.0228,881.08,0.719426,0.4154
0128,0.301111111111,0.0522222222222,0.0644444444444,0.0544444444444,0.257777777778,0.0433333333333,0.0755555555556,0.118888888889,0.0255555555556,1089.22222222,0.747644444444,0.323333333333
0136,0.274375,0.0335416666667,0.0489583333333,0.0364583333333,0.31875,0.0525,0.0760416666667,0.122083333333,0.0229166666667,982.270833333,0.7634375,0.381458333333
0138,0.341923076923,0.0461538461538,0.065,0.045,0.239230769231,0.0442307692308,0.0865384615385,0.0961538461538,0.0273076923077,1094.84615385,0.784715384615,0.387307692308
0139,0.27,0.0392307692308,0.0646153846154,0.0561538461538,0.296153846154,0.0507692307692,0.0661538461538,0.126153846154,0.0192307692308,1153.46153846,0.767846153846,0.336153846154
0140,0.315,0.0583333333333,0.0466666666667,0.0366666666667,0.256666666667,0.0266666666667,0.0583333333333,0.18,0.015,1030.0,0.674383333333,0.32
0160,0.4515,0.063,0.1125,0.07,0.1265,0.02225,0.0615,0.06525,0.01825,1100.425,0.82209,0.452
0162,0.499523809524,0.0709523809524,0.117142857143,0.106666666667,0.0685714285714,0.0128571428571,0.0452380952381,0.052380952381,0.0180952380952,1015.66666667,0.802223809524,0.499523809524
0163,0.351951219512,0.0546341463415,0.0856097560976,0.0634146341463,0.209512195122,0.0443902439024,0.0843902439024,0.0734146341463,0.0260975609756,1028.90243902,0.802941463415,0.389756097561
0180,0.266611418048,0.0470902394107,0.0755985267035,0.0414548802947,0.232007366483,0.0798526703499,0.110405156538,0.0673112338858,0.0702578268877,1070.10128913,0.810260405157,0.34591160221
0181,0.2158,0.0348,0.0478,0.0738,0.3384,0.0608,0.0686,0.1216,0.0258,952.6,0.720814,0.3612
0182,0.364782608696,0.0623913043478,0.0854347826087,0.0521739130435,0.18152173913,0.0439130434783,0.0969565217391,0.0654347826087,0.0402173913043,1293.80434783,0.820119565217,0.388260869565
0183,0.261923076923,0.04,0.0603846153846,0.0338461538462,0.286923076923,0.0726923076923,0.101538461538,0.0919230769231,0.0388461538462,1002.76923077,0.746557692308,0.345769230769
0184,0.294651162791,0.0486046511628,0.0804651162791,0.0441860465116,0.227209302326,0.0674418604651,0.101627906977,0.076976744186,0.0488372093023,1094.06976744,0.782679069767,0.311162790698
0186,0.441851851852,0.0681481481481,0.113333333333,0.077037037037,0.115925925926,0.0214814814815,0.0655555555556,0.0659259259259,0.0259259259259,1100.44444444,0.791677777778,0.445555555556
0187,0.408571428571,0.0757142857143,0.0885714285714,0.0557142857143,0.152857142857,0.0328571428571,0.0857142857143,0.0657142857143,0.0285714285714,1060.28571429,0.726328571429,0.408571428571
0188,0.277317073171,0.0751219512195,0.0456097560976,0.0363414634146,0.297317073171,0.0446341463415,0.0621951219512,0.126829268293,0.0229268292683,948.731707317,0.794763414634,0.338780487805
0191,0.288,0.042,0.048,0.0496,0.2968,0.0476,0.0652,0.13,0.0204,989.2,0.70628,0.3916
0192,0.262631578947,0.0431578947368,0.0536842105263,0.0394736842105,0.305789473684,0.0515789473684,0.0652631578947,0.146315789474,0.0221052631579,903.157894737,0.783152631579,0.334210526316
0305,0.331818181818,0.0454545454545,0.0490909090909,0.0409090909091,0.261818181818,0.0327272727273,0.0636363636364,0.149090909091,0.0163636363636,1159.81818182,0.782045454545,0.354545454545
0319,0.134285714286,0.0342857142857,0.0285714285714,0.0228571428571,0.452857142857,0.0614285714286,0.0471428571429,0.194285714286,0.0157142857143,870.857142857,0.726685714286,0.452857142857
0330,0.302222222222,0.0855555555556,0.0622222222222,0.0644444444444,0.22,0.0411111111111,0.0766666666667,0.112222222222,0.0266666666667,1092.11111111,0.729855555556,0.313333333333
0331,0.175714285714,0.127142857143,0.0242857142857,0.0485714285714,0.34,0.0442857142857,0.0428571428571,0.167142857143,0.0228571428571,1281.14285714,0.716214285714,0.34
0360,0.156153846154,0.103076923077,0.03,0.0307692307692,0.403076923077,0.0523076923077,0.0453846153846,0.144615384615,0.0207692307692,1036.69230769,0.773638461538,0.403076923077
0380,0.221084337349,0.0603012048193,0.0723493975904,0.0521084337349,0.261927710843,0.0775903614458,0.103855421687,0.0840361445783,0.0547590361446,829.939759036,0.845193373494,0.304819277108
0381,0.263333333333,0.0866666666667,0.0520833333333,0.03875,0.2975,0.0366666666667,0.0579166666667,0.137916666667,0.0179166666667,1125.70833333,0.7735,0.32875
0382,0.216666666667,0.092,0.044,0.0306666666667,0.368,0.0446666666667,0.0393333333333,0.132,0.0233333333333,968.333333333,0.785893333333,0.378
0428,0.16,0.065,0.02625,0.03125,0.38375,0.03875,0.05125,0.20875,0.02,744.25,0.7523625,0.38375
0461,0.24125,0.0875,0.03375,0.02625,0.285,0.05875,0.08,0.135,0.03625,869.375,0.7503,0.29625
0480,0.221764705882,0.0632352941176,0.0432352941176,0.0414705882353,0.339705882353,0.0476470588235,0.0755882352941,0.130588235294,0.0270588235294,1061.08823529,0.784152941176,0.342647058824
0481,0.16625,0.02875,0.03375,0.02875,0.44125,0.0825,0.05375,0.14125,0.02125,961.375,0.72665,0.44125
0482,0.191818181818,0.0754545454545,0.0345454545455,0.0363636363636,0.354545454545,0.0527272727273,0.0527272727273,0.178181818182,0.0163636363636,930.454545455,0.754854545455,0.362727272727
0483,0.190909090909,0.0636363636364,0.0409090909091,0.0327272727273,0.388636363636,0.0486363636364,0.0654545454545,0.143181818182,0.0204545454545,980.0,0.765090909091,0.389090909091
0484,0.203650793651,0.0419047619048,0.042380952381,0.0349206349206,0.363650793651,0.0565079365079,0.0633333333333,0.162380952381,0.0206349206349,983.349206349,0.770673015873,0.372222222222
0486,0.289545454545,0.0554545454545,0.055,0.0454545454545,0.272727272727,0.0445454545455,0.0586363636364,0.15,0.0209090909091,1005.81818182,0.769831818182,0.336363636364
0488,0.31,0.06625,0.05,0.04,0.2575,0.0375,0.07,0.125,0.02875,1006.75,0.762875,0.345
0509,0.188,0.1,0.024,0.094,0.302,0.03,0.056,0.182,0.02,713.8,0.66048,0.312
0512,0.188,0.176,0.038,0.078,0.248,0.024,0.07,0.132,0.03,517.8,0.71882,0.268
0513,0.19,0.101428571429,0.0357142857143,0.0642857142857,0.307142857143,0.0514285714286,0.0542857142857,0.161428571429,0.0228571428571,963.0,0.732942857143,0.307142857143
0560,0.1475,0.0875,0.0225,0.045,0.4025,0.0425,0.0625,0.1625,0.01,930.0,0.6533,0.4025
0561,0.179,0.091,0.027,0.037,0.376,0.042,0.048,0.177,0.014,797.3,0.76932,0.376
0562,0.171666666667,0.0605555555556,0.0294444444444,0.0488888888889,0.402222222222,0.0527777777778,0.045,0.158888888889,0.0188888888889,785.666666667,0.796922222222,0.404444444444
0563,0.208571428571,0.112857142857,0.0328571428571,0.0357142857143,0.324285714286,0.0342857142857,0.0442857142857,0.177142857143,0.0171428571429,776.142857143,0.734942857143,0.344285714286
0580,0.237755102041,0.0627551020408,0.0674489795918,0.0566326530612,0.295408163265,0.0473469387755,0.0811224489796,0.114795918367,0.025306122449,1035.29591837,0.828270408163,0.327040816327
0581,0.23027027027,0.0444594594595,0.0454054054054,0.0444594594595,0.311081081081,0.0556756756757,0.0690540540541,0.161891891892,0.0268918918919,1177.33783784,0.813406756757,0.340945945946
0582,0.258,0.092,0.041,0.052,0.258,0.037,0.064,0.165,0.019,990.9,0.77512,0.292
0583,0.18962962963,0.0607407407407,0.0448148148148,0.0388888888889,0.374074074074,0.0485185185185,0.0525925925926,0.166296296296,0.017037037037,1060.48148148,0.796618518519,0.376296296296
0584,0.256666666667,0.0683333333333,0.0433333333333,0.055,0.318333333333,0.0383333333333,0.0666666666667,0.118333333333,0.025,889.5,0.707216666667,0.33
0586,0.208947368421,0.0657894736842,0.0426315789474,0.0473684210526,0.372105263158,0.0447368421053,0.0463157894737,0.147368421053,0.0157894736842,945.0,0.809831578947,0.374736842105
0604,0.17,0.12,0.035,0.12,0.28,0.0275,0.065,0.1675,0.015,1117.25,0.64985,0.28
0617,0.22,0.0785714285714,0.0314285714286,0.132857142857,0.298571428571,0.0214285714286,0.0442857142857,0.152857142857,0.0114285714286,834.285714286,0.719614285714,0.298571428571
0642,0.19,0.048,0.04,0.156,0.266,0.05,0.072,0.15,0.02,961.2,0.70482,0.29
0643,0.228571428571,0.0657142857143,0.0371428571429,0.122857142857,0.268571428571,0.0328571428571,0.0628571428571,0.152857142857,0.0185714285714,1050.57142857,0.768471428571,0.282857142857
0662,0.2165,0.1135,0.031,0.0565,0.3395,0.0295,0.0375,0.1605,0.0085,918.2,0.80042,0.36
0665,0.186666666667,0.0822222222222,0.03,0.121111111111,0.323333333333,0.0344444444444,0.0433333333333,0.156666666667,0.0122222222222,957.0,0.764066666667,0.327777777778
0680,0.212777777778,0.0577777777778,0.0409722222222,0.109027777778,0.309861111111,0.0470833333333,0.0694444444444,0.124861111111,0.0198611111111,1216.76388889,0.815443055556,0.331111111111
0682,0.168947368421,0.0736842105263,0.0289473684211,0.0894736842105,0.329473684211,0.0405263157895,0.0542105263158,0.193684210526,0.0147368421053,1021.10526316,0.765305263158,0.329473684211
0683,0.202,0.1176,0.0312,0.096,0.3224,0.0308,0.0436,0.1348,0.0116,881.36,0.790652,0.3252
0684,0.165714285714,0.118571428571,0.03,0.145714285714,0.274285714286,0.0328571428571,0.0328571428571,0.175714285714,0.0157142857143,1007.71428571,0.738128571429,0.292857142857
0685,0.179333333333,0.113333333333,0.0346666666667,0.0913333333333,0.322,0.0353333333333,0.0413333333333,0.164,0.012,1171.93333333,0.761353333333,0.322
0686,0.205833333333,0.1125,0.0416666666667,0.0841666666667,0.299166666667,0.0341666666667,0.06,0.131666666667,0.02,938.833333333,0.78595,0.304166666667
0687,0.188461538462,0.0823076923077,0.0361538461538,0.0784615384615,0.333846153846,0.04,0.0584615384615,0.157692307692,0.0192307692308,955.230769231,0.797992307692,0.338461538462
0760,0.185,0.128333333333,0.0283333333333,0.035,0.323333333333,0.0433333333333,0.035,0.191666666667,0.0183333333333,963.833333333,0.688816666667,0.323333333333
0761,0.171428571429,0.07,0.0214285714286,0.0257142857143,0.387142857143,0.0557142857143,0.0571428571429,0.177142857143,0.0271428571429,725.714285714,0.730828571429,0.402857142857
0763,0.2025,0.1325,0.025,0.0425,0.3075,0.03375,0.0325,0.2025,0.01625,1004.625,0.72875,0.3075
0764,0.2075,0.1025,0.025,0.0416666666667,0.3025,0.045,0.0425,0.21,0.015,1020.25,0.781966666667,0.3075
0765,0.228,0.098,0.032,0.051,0.333,0.033,0.053,0.146,0.015,1009.2,0.75264,0.348
0767,0.196666666667,0.075,0.0216666666667,0.0733333333333,0.335,0.025,0.0383333333333,0.208333333333,0.0133333333333,1001.33333333,0.676666666667,0.335
0780,0.233846153846,0.0809615384615,0.0417307692308,0.0486538461538,0.311538461538,0.0544230769231,0.0726923076923,0.123076923077,0.0259615384615,1092.69230769,0.825723076923,0.331153846154
0781,0.205333333333,0.101333333333,0.0313333333333,0.0586666666667,0.328,0.0433333333333,0.0453333333333,0.162666666667,0.0126666666667,1194.33333333,0.784186666667,0.330666666667
0821,0.145,0.123333333333,0.0183333333333,0.0466666666667,0.37,0.045,0.02,0.201666666667,0.0183333333333,609.333333333,0.686233333333,0.38
0834,0.151666666667,0.15,0.0333333333333,0.0483333333333,0.318333333333,0.0316666666667,0.0366666666667,0.201666666667,0.0166666666667,795.666666667,0.7103,0.32
0840,0.244545454545,0.100909090909,0.0427272727273,0.0472727272727,0.276363636364,0.0372727272727,0.0618181818182,0.149090909091,0.0309090909091,929.818181818,0.804918181818,0.295454545455
0860,0.146,0.119,0.021,0.071,0.374,0.044,0.028,0.171,0.015,884.4,0.74397,0.374
0861,0.17,0.097,0.025,0.042,0.384,0.046,0.034,0.178,0.015,892.1,0.77099,0.384
0862,0.17,0.111428571429,0.0157142857143,0.0414285714286,0.385714285714,0.0471428571429,0.0457142857143,0.147142857143,0.0228571428571,870.714285714,0.721757142857,0.385714285714
0880,0.22880952381,0.0669047619048,0.045,0.0440476190476,0.329047619048,0.0461904761905,0.0709523809524,0.132142857143,0.0278571428571,1050.9047619,0.813769047619,0.350952380952
0881,0.167333333333,0.113333333333,0.024,0.0453333333333,0.357333333333,0.0533333333333,0.036,0.176,0.0133333333333,876.533333333,0.781226666667,0.357333333333
0882,0.206666666667,0.0444444444444,0.0444444444444,0.0561111111111,0.38,0.0494444444444,0.0372222222222,0.164444444444,0.0144444444444,990.111111111,0.803916666667,0.384444444444
0883,0.1932,0.0824,0.036,0.0384,0.3836,0.0524,0.0496,0.1352,0.0192,989.36,0.775932,0.3924
0884,0.190714285714,0.132142857143,0.0214285714286,0.0564285714286,0.337857142857,0.0442857142857,0.0378571428571,0.155714285714,0.0164285714286,745.142857143,0.78625,0.342142857143
0885,0.246,0.156,0.034,0.051,0.241,0.039,0.051,0.147,0.027,767.4,0.76288,0.269
0980,0.209090909091,0.143636363636,0.0365909090909,0.0270454545455,0.317272727273,0.0570454545455,0.0715909090909,0.0843181818182,0.0447727272727,913.068181818,0.7652,0.338181818182
1060,0.13375,0.0525,0.02,0.035,0.4525,0.0525,0.04375,0.185,0.0125,1061.25,0.71725,0.4525
1080,0.202380952381,0.0592857142857,0.052380952381,0.0380952380952,0.35880952381,0.0480952380952,0.0588095238095,0.154523809524,0.0195238095238,1026.07142857,0.796169047619,0.365476190476
1081,0.1765,0.07,0.036,0.0275,0.3555,0.053,0.0415,0.217,0.016,943.45,0.809655,0.358
1082,0.1845,0.0495,0.0305,0.031,0.379,0.0495,0.0645,0.1815,0.024,1060.65,0.75761,0.379
1083,0.227272727273,0.05,0.0263636363636,0.03,0.317272727273,0.0318181818182,0.0418181818182,0.252727272727,0.0127272727273,1050.27272727,0.777109090909,0.337272727273
1214,0.186666666667,0.0944444444444,0.0388888888889,0.0255555555556,0.268888888889,0.0355555555556,0.0566666666667,0.257777777778,0.0255555555556,927.666666667,0.742466666667,0.292222222222
1230,0.306428571429,0.0585714285714,0.0621428571429,0.0342857142857,0.241428571429,0.0257142857143,0.0628571428571,0.177142857143,0.0185714285714,1064.07142857,0.813307142857,0.319285714286
1231,0.200909090909,0.03,0.0436363636364,0.0163636363636,0.373636363636,0.0472727272727,0.0618181818182,0.198181818182,0.0181818181818,885.272727273,0.690909090909,0.390909090909
1233,0.48,0.0445454545455,0.0813636363636,0.0477272727273,0.118636363636,0.0109090909091,0.0404545454545,0.161363636364,0.0131818181818,1075.31818182,0.766509090909,0.48
1256,0.161111111111,0.0522222222222,0.0333333333333,0.0322222222222,0.352222222222,0.0355555555556,0.0444444444444,0.252222222222,0.0233333333333,993.333333333,0.748088888889,0.352222222222
1257,0.1775,0.06125,0.03125,0.1,0.2775,0.0225,0.04125,0.26625,0.01375,766.25,0.7073875,0.31125
1260,0.165555555556,0.0322222222222,0.0266666666667,0.0222222222222,0.391111111111,0.0333333333333,0.0477777777778,0.26,0.0111111111111,954.555555556,0.707988888889,0.402222222222
1261,0.278888888889,0.055,0.0594444444444,0.0261111111111,0.281111111111,0.0227777777778,0.06,0.193888888889,0.0116666666667,1085.22222222,0.828405555556,0.348888888889
1262,0.399230769231,0.0576923076923,0.0984615384615,0.0476923076923,0.174615384615,0.0130769230769,0.0607692307692,0.124615384615,0.0184615384615,1196.84615385,0.836953846154,0.399230769231
1263,0.271666666667,0.0458333333333,0.0558333333333,0.0291666666667,0.26,0.0225,0.0516666666667,0.236666666667,0.0166666666667,1089.16666667,0.799175,0.308333333333
1264,0.239090909091,0.0718181818182,0.0463636363636,0.0245454545455,0.26,0.0372727272727,0.0409090909091,0.247272727273,0.0209090909091,880.0,0.7754,0.312727272727
1265,0.233076923077,0.0823076923077,0.0269230769231,0.0346153846154,0.221538461538,0.0276923076923,0.0423076923077,0.294615384615,0.0230769230769,920.846153846,0.761323076923,0.303846153846
1266,0.195555555556,0.0955555555556,0.0411111111111,0.0355555555556,0.235555555556,0.0266666666667,0.0577777777778,0.27,0.0222222222222,1070.66666667,0.739544444444,0.281111111111
1267,0.222,0.074,0.047,0.036,0.246,0.041,0.079,0.211,0.024,1023.5,0.75702,0.273
1270,0.204285714286,0.0942857142857,0.0342857142857,0.0257142857143,0.27,0.0328571428571,0.0457142857143,0.247142857143,0.0314285714286,1206.42857143,0.705114285714,0.294285714286
1272,0.158571428571,0.03,0.0328571428571,0.0185714285714,0.37,0.0485714285714,0.0457142857143,0.277142857143,0.0128571428571,1159.85714286,0.713571428571,0.37
1273,0.167,0.067,0.029,0.051,0.338,0.033,0.045,0.245,0.013,834.8,0.75833,0.339
1275,0.183333333333,0.05,0.0316666666667,0.0266666666667,0.35,0.0316666666667,0.045,0.261666666667,0.0116666666667,703.333333333,0.645033333333,0.376666666667
1276,0.194,0.056,0.03,0.043,0.326,0.034,0.042,0.255,0.015,1021.3,0.72184,0.337
1277,0.175454545455,0.04,0.0281818181818,0.03,0.391818181818,0.0327272727273,0.0390909090909,0.236363636364,0.0136363636364,768.636363636,0.702590909091,0.399090909091
1278,0.352,0.1,0.062,0.053,0.18,0.021,0.065,0.145,0.019,1016.9,0.74961,0.361
1280,0.220890052356,0.0258115183246,0.0527748691099,0.0248691099476,0.310418848168,0.0771727748691,0.0832460732984,0.136858638743,0.0538219895288,946.109947644,0.765316230366,0.377120418848
1281,0.223157894737,0.0563157894737,0.0984210526316,0.0390789473684,0.225657894737,0.0661842105263,0.126052631579,0.0894736842105,0.0611842105263,1006.92105263,0.830555263158,0.274342105263
1282,0.192916666667,0.0304166666667,0.0683333333333,0.0195833333333,0.37375,0.0458333333333,0.0545833333333,0.182083333333,0.0229166666667,1066.91666667,0.735929166667,0.402916666667
1283,0.261097560976,0.0339024390244,0.0501219512195,0.0334146341463,0.306463414634,0.0430487804878,0.0667073170732,0.176829268293,0.0196341463415,1027.84146341,0.791853658537,0.389268292683
1284,0.344375,0.053125,0.065625,0.051875,0.215625,0.02875,0.06375,0.144375,0.0225,1062.3125,0.8091875,0.38
1285,0.1975,0.067,0.045,0.0235,0.322,0.041,0.0595,0.2125,0.025,1011.55,0.750975,0.3365
1286,0.281052631579,0.0689473684211,0.0457894736842,0.03,0.287368421053,0.0289473684211,0.0547368421053,0.173684210526,0.0221052631579,1052.63157895,0.798715789474,0.325263157895
1287,0.241724137931,0.0424137931034,0.0396551724138,0.0258620689655,0.316206896552,0.0265517241379,0.0455172413793,0.233103448276,0.0172413793103,946.75862069,0.780065517241,0.378275862069
1290,0.215952380952,0.0516666666667,0.062619047619,0.0311904761905,0.306428571429,0.0338095238095,0.0628571428571,0.209047619048,0.0185714285714,1248.73809524,0.756511904762,0.331904761905
1291,0.250625,0.08125,0.045,0.035625,0.24375,0.03875,0.064375,0.191875,0.044375,826.625,0.78941875,0.294375
1292,0.299583333333,0.0620833333333,0.0483333333333,0.04625,0.255,0.0270833333333,0.065,0.17375,0.0179166666667,1132.5,0.768229166667,0.344166666667
1293,0.190882352941,0.0635294117647,0.0379411764706,0.0502941176471,0.293823529412,0.0314705882353,0.0705882352941,0.232647058824,0.0188235294118,972.705882353,0.784494117647,0.316176470588
1315,0.1825,0.12625,0.04375,0.0325,0.34375,0.03125,0.0325,0.18375,0.01375,771.125,0.7129875,0.34375
1380,0.237931034483,0.0653448275862,0.051724137931,0.0379310344828,0.339310344828,0.0456896551724,0.0618965517241,0.126206896552,0.0181034482759,1097.29310345,0.807486206897,0.381034482759
1381,0.235,0.12125,0.0375,0.0375,0.266875,0.03,0.0525,0.19125,0.015,990.9375,0.791525,0.298125
1382,0.225714285714,0.123214285714,0.0389285714286,0.0396428571429,0.318214285714,0.0378571428571,0.0575,0.135,0.0160714285714,1014.96428571,0.769053571429,0.333928571429
1383,0.243157894737,0.106315789474,0.0497368421053,0.0421052631579,0.301052631579,0.0421052631579,0.0610526315789,0.122894736842,0.0197368421053,1098.52631579,0.822413157895,0.322631578947
1384,0.374186046512,0.0755813953488,0.0802325581395,0.0541860465116,0.172558139535,0.0297674418605,0.0613953488372,0.121162790698,0.0209302325581,1228.55813953,0.832848837209,0.381162790698
1401,0.291818181818,0.0627272727273,0.0827272727273,0.0459090909091,0.222727272727,0.0472727272727,0.0831818181818,0.124545454545,0.0290909090909,1062.22727273,0.800736363636,0.310454545455
1402,0.2655,0.042,0.0785,0.0515,0.2565,0.064,0.0805,0.117,0.0315,1171.45,0.751505,0.324
1407,0.326153846154,0.0276923076923,0.0676923076923,0.153076923077,0.197692307692,0.0507692307692,0.0546153846154,0.0930769230769,0.0223076923077,680.230769231,0.8086,0.332307692308
1415,0.285882352941,0.0617647058824,0.0641176470588,0.0441176470588,0.267058823529,0.0417647058824,0.0641176470588,0.14,0.02,983.470588235,0.808858823529,0.318235294118
1419,0.273846153846,0.0538461538462,0.0746153846154,0.136153846154,0.21,0.0330769230769,0.0553846153846,0.137692307692,0.0207692307692,829.384615385,0.796523076923,0.311538461538
1421,0.262307692308,0.0792307692308,0.0646153846154,0.0476923076923,0.255384615385,0.0553846153846,0.0553846153846,0.143846153846,0.0284615384615,822.846153846,0.790969230769,0.296153846154
1427,0.321666666667,0.05,0.065,0.06,0.285,0.0383333333333,0.0366666666667,0.126666666667,0.015,1069.83333333,0.697533333333,0.345
1430,0.194285714286,0.0957142857143,0.0328571428571,0.0485714285714,0.311428571429,0.0557142857143,0.0371428571429,0.194285714286,0.02,949.142857143,0.6887,0.321428571429
1435,0.2725,0.13625,0.0675,0.03625,0.22875,0.04125,0.05625,0.12125,0.03375,1050.25,0.7303125,0.2975
1438,0.187142857143,0.168571428571,0.0285714285714,0.0557142857143,0.261428571429,0.0342857142857,0.0185714285714,0.201428571429,0.0242857142857,418.571428571,0.6957,0.278571428571
1439,0.124,0.122,0.038,0.034,0.35,0.036,0.036,0.234,0.018,861.4,0.66334,0.358
1440,0.222222222222,0.0505555555556,0.0416666666667,0.0433333333333,0.319444444444,0.0627777777778,0.0572222222222,0.162777777778,0.0272222222222,1005.22222222,0.802588888889,0.323333333333
1441,0.267692307692,0.0580769230769,0.0773076923077,0.0557692307692,0.236923076923,0.0523076923077,0.0865384615385,0.123076923077,0.0334615384615,1007.69230769,0.813915384615,0.291153846154
1442,0.1825,0.1125,0.0425,0.1,0.28375,0.0425,0.05375,0.15375,0.015,928.875,0.7637,0.285
1443,0.241666666667,0.0816666666667,0.045,0.0533333333333,0.268333333333,0.0466666666667,0.0566666666667,0.176666666667,0.02,976.5,0.71815,0.281666666667
1444,0.2275,0.1075,0.04,0.03,0.3,0.0325,0.06,0.1675,0.0225,974.0,0.642925,0.3
1445,0.2325,0.11,0.0275,0.0475,0.2925,0.0425,0.0475,0.1675,0.0225,932.75,0.622275,0.2925
1446,0.153333333333,0.108333333333,0.0633333333333,0.055,0.335,0.035,0.0483333333333,0.171666666667,0.02,812.333333333,0.71345,0.335
1447,0.165,0.07,0.0225,0.03,0.41,0.0575,0.035,0.165,0.025,855.5,0.61655,0.41
1452,0.206666666667,0.123333333333,0.0355555555556,0.0411111111111,0.32,0.0344444444444,0.0577777777778,0.154444444444,0.0177777777778,849.888888889,0.753911111111,0.324444444444
1460,0.163333333333,0.0933333333333,0.025,0.0466666666667,0.36,0.0366666666667,0.0383333333333,0.198333333333,0.0283333333333,1020.83333333,0.684383333333,0.36
1461,0.186666666667,0.128333333333,0.0333333333333,0.055,0.29,0.0333333333333,0.0433333333333,0.201666666667,0.0183333333333,962.166666667,0.685716666667,0.306666666667
1462,0.157777777778,0.06,0.0366666666667,0.0322222222222,0.34,0.0666666666667,0.0466666666667,0.227777777778,0.0233333333333,907.888888889,0.724344444444,0.34
1463,0.191428571429,0.0809523809524,0.052380952381,0.0485714285714,0.332857142857,0.0585714285714,0.0571428571429,0.147142857143,0.022380952381,1068.0,0.761685714286,0.333333333333
1465,0.216666666667,0.115,0.0433333333333,0.0416666666667,0.295,0.0333333333333,0.04,0.181666666667,0.0133333333333,1119.5,0.6828,0.295
1466,0.196666666667,0.138333333333,0.04,0.0716666666667,0.268333333333,0.0416666666667,0.0433333333333,0.173333333333,0.0183333333333,1056.5,0.642983333333,0.29
1470,0.255555555556,0.113333333333,0.0377777777778,0.0366666666667,0.282222222222,0.0388888888889,0.0366666666667,0.175555555556,0.0144444444444,1169.44444444,0.754366666667,0.296666666667
1471,0.1925,0.0975,0.03875,0.06375,0.34875,0.0525,0.05125,0.1275,0.0225,1117.125,0.74685,0.34875
1472,0.17,0.0728571428571,0.0485714285714,0.0714285714286,0.361428571429,0.0371428571429,0.0514285714286,0.164285714286,0.0157142857143,1040.57142857,0.735228571429,0.361428571429
1473,0.181666666667,0.121666666667,0.0266666666667,0.05,0.346666666667,0.0366666666667,0.035,0.171666666667,0.0166666666667,1002.16666667,0.686683333333,0.346666666667
1480,0.22488372093,0.0358803986711,0.0687375415282,0.0446179401993,0.255813953488,0.0969102990033,0.0966445182724,0.0975747508306,0.0632890365449,1119.4551495,0.78633089701,0.340797342193
1481,0.254418604651,0.0497674418605,0.083023255814,0.0527906976744,0.25488372093,0.0576744186047,0.0904651162791,0.11511627907,0.0316279069767,955.023255814,0.809979069767,0.301627906977
1482,0.26,0.0653333333333,0.0666666666667,0.0566666666667,0.266,0.0496666666667,0.067,0.134666666667,0.024,969.133333333,0.8131,0.308333333333
1484,0.186363636364,0.0554545454545,0.06,0.04,0.340909090909,0.0618181818182,0.0636363636364,0.158181818182,0.0245454545455,894.363636364,0.749727272727,0.354545454545
1485,0.200882352941,0.0467647058824,0.0467647058824,0.0532352941176,0.340294117647,0.0626470588235,0.0644117647059,0.152941176471,0.0252941176471,1033.52941176,0.793617647059,0.346764705882
1486,0.227777777778,0.0977777777778,0.08,0.0466666666667,0.242222222222,0.0555555555556,0.0888888888889,0.126666666667,0.03,780.222222222,0.706088888889,0.267777777778
1487,0.1734375,0.0753125,0.0453125,0.0425,0.3421875,0.065,0.0603125,0.1675,0.02,782.03125,0.77705,0.3475
1488,0.173939393939,0.0448484848485,0.0518181818182,0.0360606060606,0.404545454545,0.0575757575758,0.0612121212121,0.137272727273,0.0239393939394,1092.0,0.777106060606,0.404545454545
1489,0.223928571429,0.0710714285714,0.0685714285714,0.0689285714286,0.269285714286,0.0592857142857,0.0889285714286,0.111428571429,0.0292857142857,947.642857143,0.802275,0.295
1490,0.221428571429,0.050119047619,0.05,0.0489285714286,0.322976190476,0.0597619047619,0.0690476190476,0.145476190476,0.0229761904762,809.404761905,0.799821428571,0.353928571429
1491,0.228461538462,0.121538461538,0.0453846153846,0.0538461538462,0.273076923077,0.0461538461538,0.0592307692308,0.145384615385,0.0161538461538,1199.61538462,0.785807692308,0.285384615385
1492,0.168571428571,0.07,0.0385714285714,0.0328571428571,0.375714285714,0.0528571428571,0.0642857142857,0.164285714286,0.0271428571429,1142.0,0.698357142857,0.375714285714
1493,0.218,0.0613333333333,0.0366666666667,0.0453333333333,0.368666666667,0.0526666666667,0.0546666666667,0.136,0.0173333333333,1084.33333333,0.78386,0.368666666667
1494,0.200833333333,0.07125,0.0525,0.0525,0.350833333333,0.0558333333333,0.0620833333333,0.124166666667,0.02125,1123.83333333,0.799091666667,0.357083333333
1495,0.212727272727,0.0736363636364,0.0390909090909,0.04,0.345454545455,0.0445454545455,0.0572727272727,0.155454545455,0.0218181818182,1133.0,0.770118181818,0.345454545455
1496,0.232068965517,0.0748275862069,0.0537931034483,0.0489655172414,0.327931034483,0.0410344827586,0.06,0.127931034483,0.0203448275862,1234.06896552,0.792517241379,0.340344827586
1497,0.231428571429,0.0828571428571,0.0485714285714,0.0628571428571,0.288571428571,0.0457142857143,0.0628571428571,0.148571428571,0.0214285714286,881.428571429,0.741957142857,0.302857142857
1498,0.15125,0.06125,0.03,0.04125,0.44,0.04375,0.04625,0.16375,0.01375,1087.375,0.751925,0.44
1499,0.195454545455,0.095,0.035,0.06,0.309090909091,0.045,0.0531818181818,0.177272727273,0.0204545454545,967.863636364,0.790659090909,0.313636363636
1715,0.182222222222,0.101111111111,0.0333333333333,0.0411111111111,0.348888888889,0.0588888888889,0.0588888888889,0.15,0.0211111111111,897.0,0.760322222222,0.348888888889
1730,0.186666666667,0.106666666667,0.0283333333333,0.0283333333333,0.406666666667,0.05,0.0266666666667,0.141666666667,0.0183333333333,735.333333333,0.652283333333,0.406666666667
1737,0.167,0.092,0.026,0.026,0.436,0.06,0.028,0.144,0.014,767.4,0.68878,0.436
1760,0.14,0.0725,0.0225,0.0375,0.46,0.06,0.02,0.1725,0.01,665.0,0.626225,0.46
1761,0.25,0.0511111111111,0.0555555555556,0.0422222222222,0.366666666667,0.0455555555556,0.0722222222222,0.0844444444444,0.0177777777778,1149.33333333,0.787722222222,0.395555555556
1762,0.12,0.0725,0.035,0.0225,0.53,0.045,0.025,0.1125,0.0325,618.5,0.58045,0.53
1763,0.148333333333,0.09,0.03,0.035,0.448333333333,0.0466666666667,0.0366666666667,0.138333333333,0.0166666666667,1277.83333333,0.693533333333,0.448333333333
1764,0.156666666667,0.08,0.0255555555556,0.03,0.46,0.0422222222222,0.0322222222222,0.153333333333,0.0111111111111,668.111111111,0.712111111111,0.461111111111
1765,0.182857142857,0.131428571429,0.0457142857143,0.0742857142857,0.292857142857,0.0314285714286,0.0285714285714,0.195714285714,0.01,805.142857143,0.692214285714,0.297142857143
1766,0.213333333333,0.141666666667,0.0383333333333,0.0358333333333,0.339166666667,0.04,0.0383333333333,0.125833333333,0.0216666666667,747.916666667,0.775041666667,0.341666666667
1780,0.230377358491,0.0569811320755,0.0522641509434,0.0449056603774,0.349433962264,0.0554716981132,0.0788679245283,0.0962264150943,0.0301886792453,1163.39622642,0.821730188679,0.36320754717
1781,0.195263157895,0.0647368421053,0.0473684210526,0.0373684210526,0.408421052632,0.0557894736842,0.0526315789474,0.115263157895,0.0173684210526,859.052631579,0.809205263158,0.408421052632
1782,0.122727272727,0.0509090909091,0.0245454545455,0.0218181818182,0.432727272727,0.0745454545455,0.0372727272727,0.21,0.0163636363636,612.545454545,0.751672727273,0.432727272727
1783,0.111428571429,0.0657142857143,0.0228571428571,0.0185714285714,0.518571428571,0.0657142857143,0.0257142857143,0.147142857143,0.0142857142857,1144.0,0.7042,0.518571428571
1784,0.176470588235,0.0752941176471,0.0347058823529,0.0364705882353,0.393529411765,0.0629411764706,0.0529411764706,0.14,0.0264705882353,1001.70588235,0.779994117647,0.393529411765
1785,0.198,0.14,0.037,0.041,0.317,0.035,0.039,0.175,0.013,1020.2,0.75896,0.331
1814,0.164285714286,0.124285714286,0.0328571428571,0.07,0.3,0.04,0.0471428571429,0.182857142857,0.0214285714286,714.285714286,0.7498,0.3
1860,0.148333333333,0.05,0.0266666666667,0.0533333333333,0.425,0.0583333333333,0.0383333333333,0.181666666667,0.00833333333333,633.166666667,0.685466666667,0.425
1861,0.144166666667,0.0666666666667,0.0333333333333,0.0433333333333,0.416666666667,0.0491666666667,0.045,0.1725,0.0183333333333,866.083333333,0.798291666667,0.416666666667
1862,0.10625,0.04625,0.01875,0.03375,0.495,0.08375,0.045,0.145,0.01625,810.75,0.7383375,0.495
1863,0.14,0.05,0.022,0.032,0.418,0.074,0.04,0.174,0.034,886.6,0.65152,0.418
1864,0.125,0.0466666666667,0.025,0.0216666666667,0.395,0.0666666666667,0.04,0.251666666667,0.0166666666667,529.166666667,0.67265,0.395
1880,0.200352941176,0.0523529411765,0.0503529411765,0.0617647058824,0.333764705882,0.0576470588235,0.082,0.119294117647,0.0327058823529,1098.45882353,0.828849411765,0.343764705882
1881,0.182727272727,0.0527272727273,0.0527272727273,0.0563636363636,0.373636363636,0.0436363636364,0.0527272727273,0.162727272727,0.0209090909091,1246.18181818,0.778318181818,0.373636363636
1882,0.173636363636,0.0963636363636,0.0290909090909,0.0445454545455,0.357272727273,0.0490909090909,0.0472727272727,0.172727272727,0.02,704.272727273,0.777145454545,0.358181818182
1883,0.184705882353,0.0364705882353,0.0323529411765,0.0352941176471,0.442352941176,0.0511764705882,0.0517647058824,0.144705882353,0.0129411764706,1179.76470588,0.788982352941,0.442352941176
1884,0.163,0.093,0.034,0.04,0.369,0.054,0.05,0.16,0.022,699.7,0.73916,0.369
1885,0.168235294118,0.0782352941176,0.0276470588235,0.0370588235294,0.356470588235,0.0447058823529,0.0482352941176,0.215882352941,0.0158823529412,910.705882353,0.796435294118,0.362941176471
1904,0.13,0.0766666666667,0.0533333333333,0.0233333333333,0.363333333333,0.0833333333333,0.04,0.196666666667,0.0266666666667,976.0,0.556933333333,0.363333333333
1907,0.14,0.0414285714286,0.0314285714286,0.0214285714286,0.438571428571,0.0728571428571,0.0357142857143,0.191428571429,0.0142857142857,902.428571429,0.709842857143,0.438571428571
1960,0.203333333333,0.0716666666667,0.05,0.0383333333333,0.35,0.0466666666667,0.035,0.173333333333,0.015,897.666666667,0.709283333333,0.35
1961,0.154444444444,0.0411111111111,0.0388888888889,0.0311111111111,0.434444444444,0.0611111111111,0.0455555555556,0.167777777778,0.0155555555556,1083.55555556,0.721588888889,0.434444444444
1962,0.156,0.054,0.03,0.022,0.336,0.09,0.048,0.206,0.046,762.4,0.66924,0.336
1980,0.245714285714,0.044880952381,0.0644047619048,0.0444047619048,0.327380952381,0.0519047619048,0.0588095238095,0.129285714286,0.0234523809524,1103.89285714,0.816657142857,0.372738095238
1981,0.196923076923,0.116923076923,0.04,0.0369230769231,0.328461538462,0.0453846153846,0.0476923076923,0.156153846154,0.0207692307692,1131.69230769,0.760269230769,0.329230769231
1982,0.15875,0.0275,0.02625,0.02625,0.44,0.06625,0.045,0.18,0.02,986.875,0.713775,0.44
1983,0.17,0.056,0.0353333333333,0.0306666666667,0.415333333333,0.0566666666667,0.0426666666667,0.172666666667,0.014,1073.26666667,0.768453333333,0.415333333333
1984,0.205555555556,0.0544444444444,0.0366666666667,0.0355555555556,0.371111111111,0.05,0.0577777777778,0.158888888889,0.0188888888889,1008.44444444,0.739333333333,0.373333333333
2021,0.14,0.152,0.022,0.052,0.35,0.058,0.034,0.174,0.012,901.6,0.6441,0.35
2023,0.21375,0.08875,0.03875,0.0275,0.34875,0.055,0.0275,0.1775,0.0125,846.0,0.7336125,0.375
2026,0.195,0.1125,0.03125,0.03875,0.31125,0.05,0.045,0.17625,0.03125,857.875,0.7477625,0.31875
2029,0.234,0.097,0.035,0.071,0.296,0.052,0.059,0.12,0.026,1070.7,0.76053,0.306
2031,0.211428571429,0.0971428571429,0.0328571428571,0.0328571428571,0.302857142857,0.0457142857143,0.0557142857143,0.178571428571,0.02,1082.0,0.706971428571,0.321428571429
2034,0.133333333333,0.106666666667,0.0283333333333,0.0266666666667,0.31,0.065,0.0633333333333,0.201666666667,0.0416666666667,773.333333333,0.685183333333,0.313333333333
2039,0.127142857143,0.105714285714,0.0242857142857,0.0214285714286,0.397142857143,0.0457142857143,0.0257142857143,0.231428571429,0.0114285714286,683.285714286,0.716714285714,0.397142857143
2061,0.16375,0.05,0.0225,0.0175,0.4125,0.07,0.0425,0.18875,0.02375,934.0,0.7539375,0.41875
2062,0.190833333333,0.1,0.03,0.0333333333333,0.350833333333,0.0475,0.0508333333333,0.166666666667,0.0166666666667,1133.5,0.759025,0.350833333333
2080,0.232432432432,0.0794594594595,0.0451351351351,0.0386486486486,0.298108108108,0.0594594594595,0.0743243243243,0.127567567568,0.0362162162162,1046.72972973,0.807197297297,0.31
2081,0.177777777778,0.0503703703704,0.0407407407407,0.03,0.367407407407,0.0622222222222,0.0588888888889,0.178148148148,0.0248148148148,1190.59259259,0.787888888889,0.36962962963
2082,0.198571428571,0.0942857142857,0.03,0.03,0.328571428571,0.0542857142857,0.0428571428571,0.185714285714,0.0271428571429,1071.71428571,0.730328571429,0.341428571429
2083,0.167777777778,0.09,0.0277777777778,0.0277777777778,0.34,0.0666666666667,0.0555555555556,0.175555555556,0.0311111111111,1116.66666667,0.738788888889,0.34
2084,0.158461538462,0.0615384615385,0.0315384615385,0.0307692307692,0.403846153846,0.0569230769231,0.0376923076923,0.193076923077,0.0176923076923,1139.46153846,0.779930769231,0.403846153846
2085,0.155,0.0405,0.031,0.0235,0.396,0.081,0.0505,0.2,0.0205,854.95,0.75502,0.4005
2101,0.14,0.11,0.0225,0.0225,0.36,0.065,0.0375,0.215,0.02,979.5,0.60085,0.36
2104,0.11,0.04,0.026,0.016,0.478,0.112,0.03,0.158,0.014,1233.8,0.60474,0.478
2121,0.145,0.133333333333,0.0266666666667,0.0833333333333,0.351666666667,0.04,0.0433333333333,0.155,0.0166666666667,1293.66666667,0.69655,0.351666666667
2132,0.151666666667,0.0883333333333,0.035,0.0333333333333,0.368333333333,0.065,0.0433333333333,0.181666666667,0.0233333333333,1046.83333333,0.686233333333,0.368333333333
2161,0.182857142857,0.0828571428571,0.0307142857143,0.0221428571429,0.364285714286,0.0585714285714,0.0521428571429,0.169285714286,0.0257142857143,875.285714286,0.745864285714,0.364285714286
2180,0.207777777778,0.0424074074074,0.0496296296296,0.0312962962963,0.342962962963,0.0674074074074,0.0624074074074,0.158518518519,0.0264814814815,1201.38888889,0.812505555556,0.35537037037
2181,0.154210526316,0.0568421052632,0.0373684210526,0.0289473684211,0.424210526316,0.0731578947368,0.0415789473684,0.154736842105,0.0210526315789,1313.94736842,0.759721052632,0.424210526316
2182,0.150666666667,0.072,0.028,0.0293333333333,0.43,0.0633333333333,0.042,0.156,0.0173333333333,1141.73333333,0.780553333333,0.43
2183,0.153333333333,0.0861111111111,0.0311111111111,0.0311111111111,0.381666666667,0.0605555555556,0.0444444444444,0.187222222222,0.0216666666667,962.833333333,0.782088888889,0.381666666667
2184,0.163043478261,0.0921739130435,0.0282608695652,0.0330434782609,0.376956521739,0.0708695652174,0.0630434782609,0.138260869565,0.0260869565217,1069.2173913,0.755095652174,0.376956521739
2260,0.113,0.075,0.016,0.028,0.485,0.058,0.022,0.166,0.018,651.8,0.74407,0.485
2262,0.133636363636,0.0554545454545,0.0345454545455,0.0309090909091,0.482727272727,0.0663636363636,0.0336363636364,0.14,0.0190909090909,1080.81818182,0.772654545455,0.482727272727
2280,0.150588235294,0.0664705882353,0.0329411764706,0.0329411764706,0.427647058824,0.0670588235294,0.0735294117647,0.110588235294,0.0323529411765,967.411764706,0.786535294118,0.427647058824
2281,0.193157894737,0.0528070175439,0.0449122807018,0.0324561403509,0.410526315789,0.0563157894737,0.0536842105263,0.118070175439,0.0280701754386,1140.98245614,0.786643859649,0.410877192982
2282,0.110666666667,0.0973333333333,0.0186666666667,0.0246666666667,0.502,0.0793333333333,0.0386666666667,0.098,0.026,836.066666667,0.781,0.502
2283,0.104444444444,0.0727777777778,0.0183333333333,0.0211111111111,0.527222222222,0.0694444444444,0.0316666666667,0.132222222222,0.02,735.055555556,0.797933333333,0.527222222222
2284,0.146976744186,0.0997674418605,0.0281395348837,0.0613953488372,0.489302325581,0.043488372093,0.0367441860465,0.0720930232558,0.0158139534884,878.906976744,0.815181395349,0.489302325581
2303,0.092,0.12,0.018,0.022,0.448,0.068,0.054,0.142,0.024,719.8,0.65216,0.448
2305,0.13,0.114285714286,0.0214285714286,0.0142857142857,0.47,0.06,0.0314285714286,0.127142857143,0.0157142857143,610.857142857,0.669814285714,0.47
2309,0.182727272727,0.157272727273,0.0245454545455,0.0290909090909,0.357272727273,0.0663636363636,0.0509090909091,0.102727272727,0.0218181818182,850.272727273,0.761336363636,0.357272727273
2313,0.1225,0.106666666667,0.0125,0.0233333333333,0.4825,0.07,0.0258333333333,0.135,0.0166666666667,654.5,0.75335,0.4825
2321,0.202222222222,0.145555555556,0.0255555555556,0.0377777777778,0.322222222222,0.0488888888889,0.0788888888889,0.105555555556,0.0233333333333,765.888888889,0.717155555556,0.344444444444
2326,0.178333333333,0.138333333333,0.0166666666667,0.0166666666667,0.388333333333,0.045,0.045,0.138333333333,0.0216666666667,799.833333333,0.680966666667,0.388333333333
2361,0.167272727273,0.0936363636364,0.0209090909091,0.0209090909091,0.430909090909,0.0518181818182,0.0318181818182,0.156363636364,0.0154545454545,622.0,0.734927272727,0.430909090909
2380,0.187837837838,0.0972972972973,0.0381081081081,0.027027027027,0.376756756757,0.0656756756757,0.0743243243243,0.092972972973,0.0335135135135,1108.37837838,0.796462162162,0.376756756757
2401,0.132857142857,0.127142857143,0.0528571428571,0.05,0.385714285714,0.104285714286,0.0271428571429,0.108571428571,0.0171428571429,669.857142857,0.713671428571,0.385714285714
2403,0.185,0.11,0.055,0.06,0.3,0.085,0.02,0.145,0.03,808.0,0.3939,0.3
2404,0.144,0.118,0.036,0.06,0.394,0.08,0.036,0.098,0.018,717.2,0.65038,0.394
2409,0.104,0.164,0.028,0.044,0.416,0.094,0.046,0.066,0.036,908.6,0.67294,0.416
2417,0.095,0.085,0.0325,0.0475,0.4825,0.13,0.0175,0.1,0.0025,666.5,0.616025,0.4825
2418,0.1,0.05,0.0466666666667,0.05,0.466666666667,0.113333333333,0.0233333333333,0.123333333333,0.0166666666667,690.333333333,0.538166666667,0.466666666667
2421,0.123333333333,0.1,0.04,0.0766666666667,0.386666666667,0.0983333333333,0.0333333333333,0.123333333333,0.0183333333333,655.5,0.658733333333,0.386666666667
2422,0.103333333333,0.1,0.01,0.0666666666667,0.373333333333,0.133333333333,0.0266666666667,0.16,0.0166666666667,526.333333333,0.505566666667,0.373333333333
2425,0.0733333333333,0.116666666667,0.0766666666667,0.0233333333333,0.456666666667,0.103333333333,0.0166666666667,0.1,0.0233333333333,631.333333333,0.518033333333,0.456666666667
2460,0.133333333333,0.103333333333,0.035,0.045,0.388333333333,0.116666666667,0.05,0.09,0.0333333333333,939.5,0.712316666667,0.388333333333
2462,0.1,0.0833333333333,0.0255555555556,0.0511111111111,0.44,0.11,0.0333333333333,0.125555555556,0.02,499.444444444,0.728033333333,0.44
2463,0.12,0.113333333333,0.0533333333333,0.04,0.436666666667,0.0766666666667,0.02,0.11,0.0133333333333,639.333333333,0.525166666667,0.436666666667
2480,0.162424242424,0.0559090909091,0.05,0.0380303030303,0.355909090909,0.125909090909,0.0843939393939,0.0566666666667,0.0627272727273,1226.59090909,0.841725757576,0.355909090909
2481,0.14,0.0466666666667,0.0377777777778,0.0777777777778,0.444444444444,0.101111111111,0.0277777777778,0.106666666667,0.0122222222222,893.555555556,0.724288888889,0.444444444444
2482,0.106470588235,0.0596078431373,0.0374509803922,0.0394117647059,0.500784313725,0.0935294117647,0.0523529411765,0.0792156862745,0.0241176470588,966.745098039,0.808741176471,0.500784313725
2505,0.102857142857,0.0757142857143,0.0271428571429,0.02,0.498571428571,0.0971428571429,0.0142857142857,0.147142857143,0.0142857142857,624.0,0.7016,0.498571428571
2506,0.11,0.05,0.04,0.025,0.445,0.12,0.03,0.13,0.045,941.0,0.38525,0.445
2510,0.102,0.022,0.03,0.016,0.46,0.094,0.092,0.14,0.04,664.2,0.6209,0.46
2513,0.0733333333333,0.0866666666667,0.0233333333333,0.00666666666667,0.5,0.106666666667,0.0333333333333,0.136666666667,0.03,800.666666667,0.547066666667,0.5
2514,0.116363636364,0.0518181818182,0.0263636363636,0.0190909090909,0.542727272727,0.0645454545455,0.0463636363636,0.118181818182,0.0145454545455,1006.63636364,0.764054545455,0.542727272727
2518,0.104,0.112,0.028,0.038,0.452,0.098,0.04,0.114,0.01,549.8,0.62456,0.452
2521,0.0933333333333,0.0366666666667,0.0183333333333,0.0466666666667,0.463333333333,0.186666666667,0.0183333333333,0.113333333333,0.0216666666667,676.0,0.649866666667,0.463333333333
2523,0.0993333333333,0.0186666666667,0.0146666666667,0.0213333333333,0.511333333333,0.118,0.04,0.158666666667,0.016,812.866666667,0.744653333333,0.511333333333
2560,0.086,0.066,0.028,0.042,0.496,0.098,0.02,0.124,0.02,1089.2,0.66964,0.496
2580,0.157391304348,0.0469565217391,0.0430434782609,0.0326086956522,0.44347826087,0.0747826086957,0.0665217391304,0.0904347826087,0.0315217391304,1131.43478261,0.8207,0.443913043478
2581,0.110294117647,0.0588235294118,0.0273529411765,0.0367647058824,0.527058823529,0.0802941176471,0.0488235294118,0.0817647058824,0.0244117647059,865.088235294,0.834129411765,0.527058823529
2582,0.153913043478,0.0417391304348,0.0386956521739,0.0260869565217,0.458695652174,0.0660869565217,0.0369565217391,0.148260869565,0.0204347826087,827.304347826,0.810473913043,0.458695652174
2583,0.13375,0.08125,0.02,0.0275,0.4975,0.04875,0.035,0.13,0.015,543.5,0.6119,0.4975
2584,0.102222222222,0.03,0.0233333333333,0.0355555555556,0.47,0.115555555556,0.0555555555556,0.130555555556,0.03,840.055555556,0.778911111111,0.47
